round,variant,entry_ms,import_ms,init_ms,first_ms,steady_ms,steady_min_ms,lines,max_rss_mb
0,no-dyn-tiering,36.9,33.7,26.7,997.4,697.4,694.9,32501,385
0,single-gc,26.9,26.6,27.6,937.9,703.7,659,32501,468
0,no-wasm-inline,36.3,28.3,27,988.9,703.2,697,32501,380
0,base,31.2,27,24.7,920.3,639,635,32501,376
0,semi64,28.1,26.8,25.3,911.4,640.2,637.3,32501,436
0,tier-budget-1m,42,29.7,26,921.7,637.6,633.2,32501,386
0,no-maglev,36.9,28.5,26.1,925.8,638.7,631.7,32501,380
0,semi32,28.1,28.5,24.3,918.6,637.3,628.1,32501,397
0,always-sparkplug,42.4,31.3,25.5,913.9,642.3,638.9,32501,427
0,turbolev,37.8,28.8,23.8,923.6,645.1,634.3,32501,422
0,compile-cache,11.6,16.8,24,920.8,648.2,631.9,32501,349
0,wasm-inline-more,36.9,28.2,23.2,902,631.6,626.4,32501,383
0,no-lazy-feedback,28.1,26.3,24.3,916,640.6,637.4,32501,381
0,minor-ms,37.2,29,23.1,955.7,681.7,664.7,32501,578
0,no-liftoff,246.2,61.3,25.4,1139.2,709.4,703,32501,373
1,single-gc,28,26.5,27.6,939.2,706.6,658.2,32501,468
1,no-wasm-inline,39.7,28.1,25.9,997.9,707.3,701.4,32501,391
1,wasm-inline-more,38.1,28.6,23.5,908.8,639.5,635.1,32501,382
1,semi64,33.3,26.6,24.6,914.4,638.7,637.2,32501,430
1,turbolev,40,28.3,23.6,931.1,651.2,639.2,32501,424
1,no-dyn-tiering,40,33.3,25.8,1015,707.1,701,32501,386
1,always-sparkplug,38.4,31.7,24.3,915.7,641.1,641,32501,386
1,no-maglev,37.6,28.9,25,924,631.9,629.2,32501,385
1,compile-cache,12,16.6,22.6,913.7,633.6,622.8,32501,330
1,no-lazy-feedback,27.5,26.6,23.2,908.1,636.2,629.3,32501,425
1,tier-budget-1m,40.1,29.2,23.4,901.8,633.7,627.3,32501,388
1,base,27.4,26.9,23.6,912.9,636,625,32501,381
1,no-liftoff,246.9,62.2,24.9,1144.7,711.3,710.8,32501,393
1,minor-ms,37.1,32,22.3,926.8,664.3,656.4,32501,559
1,semi32,28,26.6,24.8,911.5,629.7,624.5,32501,390
2,no-liftoff,248.9,62.1,25.2,1143.5,708.5,704.2,32501,395
2,single-gc,26.8,27.1,25,925,711.9,646.4,32501,484
2,turbolev,40.1,28.7,23.6,939.6,663.1,645.3,32501,386
2,always-sparkplug,42.4,31.9,24.6,910.5,641.7,631.7,32501,382
2,semi32,31.2,27.1,25.3,915.9,638.6,630.8,32501,384
2,no-lazy-feedback,27.4,27.2,23.1,903.4,640.8,637.3,32501,417
2,compile-cache,11.4,16.9,23,906.1,631.4,622,32501,361
2,base,29.8,26.4,25.2,898.1,636.5,619.5,32501,385
2,minor-ms,37.6,32.3,22.6,915.2,665.2,663.8,32501,633
2,no-dyn-tiering,41.4,31.3,26.3,998.1,709.1,707.4,32501,386
2,wasm-inline-more,42.1,29.4,24.4,920.1,647.4,636.9,32501,394
2,no-maglev,37.3,28.8,24.8,919.5,638,621.7,32501,398
2,semi64,28,27,23.6,907.2,641.7,638.8,32501,443
2,tier-budget-1m,40.4,29.1,23.1,906.4,644.6,632.7,32501,385
2,no-wasm-inline,36.7,28.2,24.3,990.1,703,698,32501,390
3,tier-budget-1m,40.7,29.3,25.2,915.6,637.7,630.7,32501,422
3,no-liftoff,250.5,62.4,24.9,1149,713.3,708.9,32501,374
3,wasm-inline-more,37,28.6,24.7,906.8,634.5,618.2,32501,384
3,semi32,26.9,26.9,24.7,915.9,636.7,634.6,32501,385
3,always-sparkplug,41.6,31.6,23.6,906.5,625,619.7,32501,392
3,no-dyn-tiering,35.7,33.2,24.9,978.3,708.7,687.7,32501,388
3,no-wasm-inline,36.6,28.2,24.7,995.6,700.6,698.8,32501,385
3,semi64,27.4,26.9,22.9,901.6,637.8,633.5,32501,423
3,turbolev,36.5,28.9,23.1,920.1,644.3,642.2,32501,423
3,no-maglev,36.3,29,25.1,926.4,640.1,637.4,32501,385
3,minor-ms,36.2,29.1,22.5,930.3,659.3,644.3,32501,554
3,single-gc,28.2,26.9,25.5,928,726.5,645,32501,506
3,no-lazy-feedback,32.3,26.3,23.4,890.3,622.5,618.9,32501,423
3,base,27.2,26.8,24.5,909.3,624.3,621.7,32501,366
3,compile-cache,11.1,16.2,23,892.5,615.5,613.8,32501,356
