round,variant,listen_ms,client_ms
0,compile-cache,149.3,380.4
0,plain,161.8,412.9
0,boot-flush,163.0,372.3
1,plain,161.6,482.0
1,compile-cache,177.6,407.8
1,boot-flush,201.6,351.9
2,plain,159.3,368.5
2,compile-cache,206.1,407.9
2,boot-flush,116.3,330.7
3,compile-cache,146.7,395.3
3,boot-flush,182.4,355.1
3,plain,161.2,371.1
4,boot-flush,165.4,349.9
4,compile-cache,145.3,393.3
4,plain,232.7,387.2
5,boot-flush,111.4,352.2
5,compile-cache,148.4,504.2
5,plain,260.8,403.1
6,compile-cache,148.8,377.9
6,plain,214.0,405.8
6,boot-flush,117.0,332.8
7,plain,159.8,378.8
7,compile-cache,197.9,410.3
7,boot-flush,130.6,359.2
8,plain,157.4,392.3
8,boot-flush,165.2,349.6
8,compile-cache,149.5,393.3
9,compile-cache,190.9,398.0
9,boot-flush,117.1,328.1
9,plain,198.2,393.1
10,compile-cache,193.5,384.5
10,plain,159.9,389.0
10,boot-flush,192.6,346.7
11,compile-cache,145.7,365.1
11,plain,208.5,368.3
11,boot-flush,116.7,348.3
