bench,tig,git,run,wall_ms
switch-on-300,mi,glibc,1,15972.8
switch-on-300,mi,mi,1,15791.9
switch-on-300,glibc,mi,1,15634.6
switch-on-300,glibc,glibc,1,15883.8
switch-on-300,glibc,glibc,2,15852.4
switch-on-300,mi,glibc,2,15910.5
switch-on-300,mi,mi,2,15630.6
switch-on-300,glibc,mi,2,15661.2
switch-on-300,mi,mi,3,15578.7
switch-on-300,mi,glibc,3,15770.5
switch-on-300,glibc,glibc,3,15730.9
switch-on-300,glibc,mi,3,15644.2
switch-on-300,mi,glibc,4,15872.6
switch-on-300,glibc,glibc,4,15863.4
switch-on-300,glibc,mi,4,15768.9
switch-on-300,mi,mi,4,16920.0
switch-on-300,glibc,glibc,5,15839.9
switch-on-300,mi,mi,5,15745.1
switch-on-300,glibc,mi,5,15663.0
switch-on-300,mi,glibc,5,15859.4
